SIORG, ORGAO, # DATASETS, CSV, DOC, HTML, ODT, PDF, PPT, XLS, ZIP, Outro, , Avaliações, Desempenho da gestão, Despesas, Geral, Programas
100915," Instituto Federal de Educação, Ciência e Tecnologia do Sul de Minas Gerais - IFMGS",39,0,0,0,0,39,0,0,0,0,,2,7,15,11,4
71656,"Administração do Porto de Laguna ",0,0,0,0,0,0,0,0,0,0,,0,0,0,0,0
71660,"Administração do Porto de Maceió - ANTQ",7,0,0,6,0,1,0,0,0,0,,0,0,6,1,0
46,"Advocacia-Geral da União - AGU",152,0,8,113,0,85,0,0,0,1,,2,2,11,127,10
45104,"Agência Brasileira de Inteligência - ABIN",12,0,0,10,0,4,0,0,0,1,,0,0,2,7,3
4243,"Agência Espacial Brasileira - AEB",8,0,0,7,0,1,0,0,0,0,,0,0,3,1,4
46876,"Agência Nacional das Águas - ANA",15,0,0,13,0,2,0,0,0,0,,0,0,3,0,12
86144,"Agência Nacional de Aviação Civil - ANAC",70,0,12,48,0,57,0,15,4,0,,3,2,2,63,0
21089,"Agência Nacional de Energia Elétrica - ANEEL",35,0,0,30,0,13,0,1,2,1,,1,1,0,18,15
45013,"Agência Nacional de Saúde Suplementar - ANS",51,0,1,45,0,13,0,1,5,0,,7,6,8,18,12
25064,"Agência Nacional de Telecomunicações – ANATEL",17,0,0,10,0,10,0,0,0,0,,4,1,1,11,0
54843,"Agência Nacional de Transportes Aquaviários - ANTAQ",52,0,1,25,0,37,0,1,2,0,,6,4,5,31,6
54793,"Agência Nacional de Transportes Terrestres - ANTT ",96,0,2,76,0,43,1,6,9,1,,6,7,14,59,10
36687,"Agência Nacional de Vigilância Sanitária - ANVISA",36,0,0,31,0,17,0,0,0,0,,3,4,1,3,25
57682,"Agência Nacional do Cinema - ANCINE",3,0,0,1,0,2,0,0,0,0,,0,0,2,0,1
25281,"Agência Nacional do Petróleo, Gás Natural e Biocombustíveis - ANP",91,0,25,35,0,46,1,19,5,5,,12,1,24,23,31
334,"Arquivo Nacional - AN",6,0,0,2,0,4,0,0,0,0,,0,2,1,3,0
89,"Banco Central do Brasil - BACEN",72,0,0,17,0,54,0,1,1,0,,12,19,2,38,1
2,"Banco Nacional de Desenvolvimento Econômico e Social - BNDES",55,0,2,32,0,38,0,6,0,0,,0,15,22,9,9
171,"Banco da Amazônia S.A. - BASA",22,0,0,4,0,18,0,0,0,0,,0,5,11,5,1
172,"Banco do Nordeste do Brasil S.A. - BNB",43,0,0,6,0,36,0,1,0,0,,9,9,9,12,4
2837,"Casa Civil da Presidência da República - CC-PR",16,0,0,13,0,8,0,0,0,3,,0,1,0,1,14
92,"Casa da Moeda do Brasil",15,0,0,5,0,10,0,0,0,0,,0,9,3,2,1
226,"Centrais Elétricas Brasileiras S.A - Eletrobras",93,0,11,18,0,64,0,6,10,4,,1,0,54,16,22
47838,"Centrais de Abastecimento de Minas Gerais – CEASA-MG",12,0,0,2,0,10,0,0,0,0,,0,4,2,6,0
24751,"Centro Brasileiro de Pesquisas Físicas - CBPF",12,0,0,11,0,3,0,0,0,0,,0,1,7,2,2
445,"Centro Federal de Educação Tecnológica de Minas Gerais - CEFET-MG",8,0,1,2,0,3,0,0,3,0,,0,0,7,1,0
448,"Centro Federal de Educação Tecnológica ´Celso Suckow da Fonseca´ - CEFET-RJ",16,0,6,5,0,14,0,3,0,0,,2,1,3,8,2
98519,"Centro Nacional de Tecnologia Eletrônica Avançada S.A. - CEITEC",2,0,0,1,0,1,0,0,0,0,,0,0,1,1,0
24752,"Centro de Tecnologia Mineral - CETEM",28,0,0,22,0,9,0,0,0,0,,0,2,2,7,17
256,"Colégio Pedro II - CP II",9,0,0,6,0,6,0,0,1,0,,2,0,0,7,0
18,"Comissão Executiva do Plano da Lavoura Cacaueira - CEPLAC",3,0,1,0,0,2,0,0,0,0,,1,1,1,0,0
7211,"Comissão Nacional de Cartografia - CONCAR",6,0,0,1,0,5,0,0,0,0,,0,0,0,5,1
9972,"Comissão Nacional de Classificação - CONCLA",15,0,4,11,0,4,0,3,0,0,,0,0,0,15,0
223,"Comissão Nacional de Energia Nuclear - CNEN",9,0,0,1,0,8,0,0,0,0,,0,1,2,0,6
69350,"Comissão Nacional de População e Desenvolvimento - CNPD",3,0,0,2,0,1,0,0,0,0,,0,0,0,3,0
478,"Comissão de Valores Mobiliários - CVM",25,0,2,14,0,13,0,0,0,0,,0,4,8,13,0
42816,"Comissão de Ética Pública - CEP",17,0,2,12,0,3,0,1,0,0,,2,0,0,5,10
109012,"Comitê Gestor do Programa de Inclusão Digital - CGPID - CGPID",9,0,0,9,0,0,0,0,0,0,,0,0,0,7,2
372,"Companhia Brasileira de Trens Urbanos - CBTU",19,0,0,16,0,5,0,0,0,0,,7,3,5,3,1
758,"Companhia Docas do Ceará – CDC ",8,0,0,8,0,0,0,0,0,0,,0,1,1,6,0
701,"Companhia Docas do Espirito Santo – CODESA ",3,0,0,0,0,2,0,0,1,0,,0,0,1,2,0
702,"Companhia Docas do Estado da Bahia – CODEBA ",4,0,0,1,0,3,0,0,0,0,,0,1,1,1,1
959,"Companhia Docas do Estado de São Paulo – CODESP ",4,0,0,1,0,3,0,0,0,0,,0,1,1,2,0
182,"Companhia Docas do Pará (CDP) ",10,0,0,7,0,3,0,0,0,0,,0,3,7,0,0
183,"Companhia Docas do Rio Grande do Norte – CODERN ",4,0,0,0,0,2,0,0,2,0,,1,2,1,0,0
180,"Companhia Docas do Rio de Janeiro – CDRJ ",6,0,0,0,0,6,0,0,0,0,,0,2,1,2,1
2114,"Companhia Nacional de Abastecimento – CONAB",75,0,3,14,0,53,0,5,0,0,,5,6,4,48,12
47839,"Companhia de Armazéns e Silos do Estado de Minas Gerais - CASEM",6,0,0,1,0,5,0,0,0,0,,0,3,1,2,0
169,"Companhia de Desenvolvimento dos Vales do São Francisco e do Parnaíba - CODEVASF",5,0,0,4,0,1,0,0,0,0,,0,0,2,2,1
29415,"Companhia de Entrepostos e Armazéns Gerais de São Paulo – CEAGESP",15,0,0,11,0,2,0,2,0,0,,0,1,9,5,0
227,"Companhia de Pesquisa de Recursos Minerais - CPRM",29,0,1,17,0,25,0,0,0,0,,0,0,4,10,15
322,"Conselho Administrativo de Defesa Econômica - CADE",18,0,0,7,0,12,0,0,0,0,,0,0,2,16,0
101068,"Conselho Administrativo de Recursos Fiscais - CARF",10,0,0,9,0,1,0,0,0,0,,0,1,0,9,0
8,"Conselho Nacional de Desenvolvimento Científico e Tecnológico - CNPQ",15,0,0,14,0,0,0,1,0,0,,8,1,3,0,3
248,"Conselho Nacional de Educação - CNE",7,0,0,3,0,4,0,0,0,0,,1,0,3,2,1
87,"Conselho Nacional de Política Fazendária - CONFAZ",13,0,0,13,0,0,0,0,0,0,,0,0,0,13,0
72079,"Conselho Nacional de Segurança Alimentar e Nutricional - CONSEA",17,0,0,2,0,15,1,0,0,0,,1,1,0,13,2
41036,"Conselho Nacional dos Direitos da Pessoa com Deficiência - CONADE",8,0,2,8,0,1,1,0,0,0,,0,0,0,8,0
59090,"Conselho das Cidades",4,0,0,2,0,3,0,2,0,0,,0,1,0,3,0
72078,"Conselho de Desenvolvimento Econômico e Social - CDES",13,0,0,8,0,7,0,0,0,0,,0,2,0,11,0
52303,"Controladoria-Geral da União - CGU",148,0,3,103,1,76,2,3,4,5,,8,5,22,45,68
250,"Coordenação de Aperfeiçoamento de Pessoal de Nível Superior - CAPES",10,0,3,2,0,9,0,0,0,1,,3,0,1,4,2
10355,"Defensoria Pública da União - DPU",32,0,0,17,0,15,0,0,0,0,,0,1,1,30,0
54844,"Departamento Nacional de Infraestrutura de Transportes - DNIT",1,0,0,1,0,1,0,0,0,0,,0,0,0,0,1
367,"Departamento Nacional de Obras Contra as Secas - DNOCS",9,0,2,6,0,3,0,0,0,0,,0,1,3,5,0
1918,"Departamento Nacional de Produção Mineral - DNPM",19,0,4,5,0,15,0,1,0,0,,1,1,8,3,6
324,"Departamento de Polícia Fedral - DPF",29,0,0,26,0,10,1,0,1,0,,0,0,1,26,2
704,"Departamento de Polícia Rodoviária Federal - DPRF",9,0,0,7,0,5,0,0,1,0,,0,1,1,7,0
74576,"Departamento de Segurança da Informação e Comunicações  - DSIC",12,0,0,8,0,6,0,0,0,1,,0,0,0,10,2
109913,"Empresa Brasileira de Administração de Petróleo e Gás Natural S.A - Pré-Sal Petróleo S.A ",0,0,0,0,0,0,0,0,0,0,,0,0,0,0,0
74,"Empresa Brasileira de Correios e Telégrafos - ECT",52,0,0,40,0,13,0,0,1,1,,1,7,13,29,2
73,"Empresa Brasileira de Infra-Estrutura Aeroportuária - INFRAERO",20,0,2,7,0,16,0,1,0,0,,3,1,5,10,1
25,"Empresa Brasileira de Pesquisa Agropecuária – Embrapa",19,0,0,9,0,10,0,0,0,0,,0,4,4,3,8
55962,"Empresa Gestora de Ativos – EMGEA",12,0,0,8,0,4,0,0,0,0,,1,4,4,3,0
76608,"Empresa de Pesquisa Energética – EPE",29,0,2,10,0,19,0,0,0,0,,0,1,17,9,2
303,"Empresa de Tecnologia e Informações da Previdência Social - DATAPREV",6,0,0,3,0,3,0,0,0,0,,0,2,4,0,0
958,"Empresa de Trens Urbanos de Porto Alegre S.A",11,0,0,11,0,1,0,0,0,0,,0,0,5,5,1
1788,"Escola Nacional de Ciências Estatísticas - ENCE",9,0,2,4,0,7,0,0,0,0,,1,0,4,2,2
344,"Escola de Administração Fazendária",21,0,0,9,0,12,0,0,0,0,,0,5,4,6,6
94,"Exército Brasileiro",137,0,1,21,0,105,2,2,2,4,,8,25,16,61,27
1,"Financiadora de Estudos e Projetos - FINEP",17,0,0,10,0,10,0,0,1,0,,0,4,7,0,6
48,"Força Aérea Brasileira",19,0,0,17,0,2,0,0,0,0,,0,0,5,14,0
299,"Fundação Alexandre Gusmão",3,0,0,0,0,3,0,0,0,0,,0,1,2,0,0
984,"Fundação Biblioteca Nacional",2,0,0,1,0,1,0,0,0,0,,0,0,1,0,1
261,"Fundação Casa Rui Barbosa",2,0,0,0,0,2,0,0,0,0,,0,0,2,0,0
1782,"Fundação Cultural Palmares",5,0,0,2,0,3,0,0,0,0,,0,2,2,0,1
956,"Fundação Escola Nacional de Administração Pública - ENAP",15,0,1,13,0,6,2,0,1,0,,0,1,4,3,7
3,"Fundação Instituto Brasileiro de Geografia e Estatística - IBGE",154,0,0,79,1,101,0,46,47,1,,19,5,0,129,1
7,"Fundação Instituto de Pesquisa Econômica Aplicada - IPEA",20,0,0,9,0,16,0,0,0,0,,0,1,3,15,1
257,"Fundação Joaquim Nabuco - FUNDAJ",10,0,0,2,0,9,0,0,0,0,,4,1,1,4,0
221,"Fundação Jorge Duprat Figueiredo, de Segurança e Medicina do Trabalho - FUNDACENTRO",16,0,2,8,0,10,0,0,0,0,,0,4,7,2,3
2330,"Fundação Nacional de Artes",2,0,0,1,0,1,0,0,0,0,,0,0,2,0,0
2207,"Fundação Nacional de Saúde - FUNASA",39,0,7,12,0,23,0,0,0,1,,0,0,4,19,16
173,"Fundação Nacional do Índio - FUNAI  ",14,0,0,11,0,8,0,0,0,0,,0,0,1,7,6
315,"Fundação Oswaldo Cruz -FIOCRUZ",9,0,0,5,0,7,0,0,0,0,,3,2,0,1,3
84712,"Fundação Universidade Federal da Grande Dourados - UFGD",18,0,5,8,0,15,0,1,0,0,,1,1,9,6,1
970,"Fundação Universidade Federal de Ciências da Saúde de Porto Alegre - UFCSPA",12,0,0,1,0,11,0,0,0,0,,1,2,0,7,2
1209,"Fundação Universidade Federal de Rondônia  - UNIR",21,0,11,7,0,14,0,1,3,2,,1,1,7,3,9
94739,"Fundação Universidade Federal do Pampa - UNIPAMPA",24,0,2,9,0,17,0,1,0,0,,1,6,5,4,8
468,"Fundação Universidade Federal do Piauí - UFPI",36,0,1,17,0,18,0,0,0,0,,2,15,13,2,4
52702,"Fundação Universidade Federal do Tocantins - UFTO",17,0,4,17,0,11,0,0,2,0,,0,1,5,3,8
69624,"Fundação Universidade Federal do Vale do São Francisco - UNIVASF",8,0,0,1,0,8,0,0,0,0,,2,3,1,2,0
470,"Fundação Universidade de Brasília - UNB",31,0,0,13,0,24,0,0,0,0,,5,4,11,10,1
465,"Fundação Universidade do Amazonas - UFAM",28,0,9,14,0,14,0,1,0,0,,3,0,5,14,6
1705,"Fundo Nacional de Desenvolvimento - FND",0,0,0,0,0,0,0,0,0,0,,0,0,0,0,0
253,"Fundo Nacional de Desenvolvimento da Educação - FNDE",95,0,2,64,0,74,0,0,1,0,,8,12,31,32,12
27,"Gabinete de Segurança Institucional da Presidência da República - GSI-PR",18,0,0,16,0,6,0,0,0,0,,1,0,0,15,2
258,"Hospital de Clínicas de Porto Alegre - HCPA",9,0,0,7,0,6,0,0,0,0,,0,0,4,5,0
242,"IRB Brasil Resseguros S.A. ",7,0,0,2,0,5,0,0,0,0,,0,3,2,2,0
332,"Imprensa Nacional - IN",12,0,0,5,0,7,0,0,0,0,,1,0,1,10,0
251,"Instituto Benjamin Constant",14,0,0,5,0,8,0,0,0,1,,0,0,1,12,1
12,"Instituto Brasileiro de Informação em Ciência e Tecnologia - IBICT",24,0,0,22,0,2,0,0,0,0,,1,0,0,12,11
241,"Instituto Brasileiro de Turismo - EMBRATUR",10,0,0,9,0,1,0,0,0,0,,0,0,0,10,0
1812,"Instituto Brasileiro do Meio Ambiente e dos Recursos Naturais Renováveis - IBAMA",8,0,0,0,0,8,0,0,0,0,,0,5,2,0,1
91842,"Instituto Chico Mendes de Conservação da Biodiversidade - ICMBIO",3,0,0,1,0,2,0,0,0,0,,0,0,2,0,1
100920,"Instituto Federal de Educação, Ciência e Tecnologia Baiano",20,0,4,1,0,19,0,0,0,0,,0,0,3,17,0
100919,"Instituto Federal de Educação, Ciência e Tecnologia Catarinense - IFC",27,0,0,7,0,21,0,0,0,0,,0,3,3,21,0
100906,"Instituto Federal de Educação, Ciência e Tecnologia Farroupilha - IF FAR",32,0,0,2,0,32,0,0,0,0,,0,3,2,25,2
100931,"Instituto Federal de Educação, Ciência e Tecnologia Fluminense - IFF",14,0,0,0,0,14,0,0,0,0,,1,1,1,8,3
444,"Instituto Federal de Educação, Ciência e Tecnologia da Bahia - IFBA",63,0,2,21,0,60,0,0,0,0,,6,1,26,28,2
100905,"Instituto Federal de Educação, Ciência e Tecnologia da Paraíba - IFPB",51,0,0,0,0,51,0,0,0,0,,0,3,6,41,1
100900,"Instituto Federal de Educação, Ciência e Tecnologia de Alagoas - IFAL",10,0,2,1,0,9,0,0,0,0,,0,1,1,7,1
94430,"Instituto Federal de Educação, Ciência e Tecnologia de Brasília",18,0,0,4,0,14,0,0,0,0,,0,2,5,10,1
451,"Instituto Federal de Educação, Ciência e Tecnologia de Goiás - IFGO",31,0,0,0,0,31,0,0,0,0,,0,4,4,13,10
100914,"Instituto Federal de Educação, Ciência e Tecnologia de Minas Gerais - IFMG",43,0,0,4,0,38,0,1,0,0,,1,7,13,19,3
100922,"Instituto Federal de Educação, Ciência e Tecnologia de Pernambuco - IFPE",36,0,0,0,0,35,0,0,0,1,,3,9,6,17,1
100907,"Instituto Federal de Educação, Ciência e Tecnologia de Rondônia - IFRO",29,0,0,1,0,28,0,0,0,0,,1,0,18,7,3
3561,"Instituto Federal de Educação, Ciência e Tecnologia de Roraima - IFRR",15,0,0,3,0,12,0,0,0,0,,0,4,5,5,1
455,"Instituto Federal de Educação, Ciência e Tecnologia de Santa Catarina - IFSC",51,0,0,0,0,51,0,0,0,0,,1,2,7,34,7
100909,"Instituto Federal de Educação, Ciência e Tecnologia de Sergipe  - IFSE",31,0,0,0,0,31,0,0,0,0,,1,0,14,16,0
453,"Instituto Federal de Educação, Ciência e Tecnologia de São Paulo - IFSP",41,0,0,2,0,39,0,0,0,0,,1,6,16,16,2
94427,"Instituto Federal de Educação, Ciência e Tecnologia do Acre - IFAC",21,0,0,0,0,21,0,0,0,0,,0,4,3,13,1
94428,"Instituto Federal de Educação, Ciência e Tecnologia do Amapá - IFAP",0,0,0,0,0,0,0,0,0,0,,0,0,0,0,0
100910,"Instituto Federal de Educação, Ciência e Tecnologia do Amazonas - IFAM",8,0,0,3,0,8,0,0,0,0,,0,0,2,6,0
100911,"Instituto Federal de Educação, Ciência e Tecnologia do Ceará - IFCE",23,0,1,5,0,20,0,0,0,0,,1,5,3,12,2
100912,"Instituto Federal de Educação, Ciência e Tecnologia do Espírito Santo - IFES",33,0,1,0,0,33,0,0,0,0,,2,9,8,14,0
100921,"Instituto Federal de Educação, Ciência e Tecnologia do Maranhão - IFMA",9,0,0,0,0,9,0,0,0,0,,1,3,4,1,0
100916,"Instituto Federal de Educação, Ciência e Tecnologia do Mato Grosso - IFMT",25,0,0,0,0,25,0,0,0,0,,0,4,7,10,4
100904,"Instituto Federal de Educação, Ciência e Tecnologia do Mato Grosso do Sul - IFMS",8,0,0,0,0,8,0,0,0,1,,0,1,4,1,2
100901,"Instituto Federal de Educação, Ciência e Tecnologia do Norte de Minas Gerais - IFNMG",52,0,0,0,0,52,0,0,0,0,,1,1,5,24,21
49103,"Instituto Federal de Educação, Ciência e Tecnologia do Paraná - IFPR",26,0,0,0,0,23,1,0,2,1,,0,3,6,17,0
100917,"Instituto Federal de Educação, Ciência e Tecnologia do Pará - IFPA",31,0,0,0,0,31,0,0,0,0,,0,2,3,25,1
434,"Instituto Federal de Educação, Ciência e Tecnologia do Piauí - IFPI",5,0,0,2,0,5,0,0,0,0,,0,0,1,3,1
439,"Instituto Federal de Educação, Ciência e Tecnologia do Rio Grande do Norte - IFRN",48,0,0,0,0,48,0,0,0,0,,1,2,7,31,7
100918,"Instituto Federal de Educação, Ciência e Tecnologia do Rio Grande do Sul - IFRS",138,0,0,0,0,138,0,0,0,0,,11,6,44,46,31
100930,"Instituto Federal de Educação, Ciência e Tecnologia do Rio de Janeiro - IFRJ ",46,0,0,0,0,46,0,0,0,0,,1,5,14,14,12
46784,"Instituto Federal de Educação, Ciência e Tecnologia do Sertão Pernambucano - IF SPE",16,0,2,2,0,7,0,2,3,3,,0,2,7,6,1
100902,"Instituto Federal de Educação, Ciência e Tecnologia do Sudeste de Minas Gerais -  IFMGSE",8,0,0,0,0,8,0,0,0,0,,1,1,3,2,1
100908,"Instituto Federal de Educação, Ciência e Tecnologia do Tocantins - IFTO",9,0,0,0,0,9,0,0,0,0,,0,1,2,6,0
100903,"Instituto Federal de Educação, Ciência e Tecnologia do Triângulo Mineiro - IFTM",10,0,0,2,0,10,0,0,0,0,,0,1,3,5,1
382,"Instituto Nacional da Propriedade Industrial - INPI",18,0,0,9,0,8,0,0,1,0,,0,0,2,14,2
1799,"Instituto Nacional de Colonização e Reforma Agrária - INCRA",46,0,1,18,0,34,0,0,0,0,,2,2,2,27,13
2030,"Instituto Nacional de Meteorologia - INMET",1,0,0,0,0,1,0,0,0,0,,0,1,0,0,0
240,"Instituto Nacional de Metrologia, Qualidade e Tecnologia - INMETRO",66,0,11,32,0,38,0,1,3,0,,0,1,1,25,39
92751,"Instituto Nacional de Pesquisas Hidroviárias - INPH",1,0,0,1,0,0,0,0,0,0,,0,0,0,1,0
47388,"Instituto Nacional de Tecnologia da Informação - ITI",11,0,0,6,0,7,0,0,0,0,,1,0,2,5,3
1913,"Instituto de Pesquisas Jardim Botânico do Rio de Janeiro",2,0,0,0,0,2,0,0,0,0,,0,0,1,0,1
2045,"Instituto do Patrimônio Histórico e Artístico Nacional",8,0,0,3,0,5,0,0,0,0,,0,0,8,0,0
185,"Marinha do Brasil - MB",16,0,0,9,0,1,0,6,0,0,,0,0,13,0,3
14,"Ministério da Agricultura, Pecuária e Abastecimento - MAPA",143,0,4,59,0,82,0,10,0,0,,6,22,4,101,10
1926,"Ministério da Cultura - MINC",41,0,0,22,0,20,0,0,0,0,,0,2,22,0,17
41066,"Ministério da Defesa - MD",19,0,0,3,0,15,0,1,0,0,,0,6,0,7,6
1929,"Ministério da Fazenda - MF",23,0,0,9,0,15,0,0,0,0,,3,2,0,15,3
42670,"Ministério da Integração Nacional - MI",13,0,0,9,0,9,0,0,0,0,,0,1,1,4,7
316,"Ministério da Justiça - MJ",130,0,1,66,0,86,0,0,0,0,,6,5,6,110,3
72083,"Ministério da Pesca e Aquicultura - MPA",52,0,18,27,0,19,1,0,0,0,,3,2,5,18,24
1930,"Ministério da Previdência Social",76,0,1,21,0,40,0,2,11,1,,0,39,2,30,5
304,"Ministério da Saúde - MS",167,0,1,118,0,77,0,1,0,0,,41,14,13,21,78
42672,"Ministério das Cidades",34,0,0,13,0,24,0,2,1,0,,10,3,9,1,11
3159,"Ministério das Comunicações - MC",11,0,1,2,1,9,0,0,0,1,,3,1,0,0,7
263,"Ministério das Relações Exteriores - MRE",3,0,0,0,0,3,0,0,0,0,,0,3,0,0,0
1988,"Ministério de Ciência e Tecnologia - MCTI",49,0,10,6,0,36,0,0,0,0,,3,22,11,3,10
2852,"Ministério de Minas e Energia - MME",40,0,2,21,0,27,0,5,5,2,,0,0,15,1,24
17125,"Ministério do Desenvolvimento Agrário - MDA",65,0,5,56,0,38,3,2,3,2,,1,2,5,31,26
1945,"Ministério do Desenvolvimento Social e Combate a Fome - MDS",36,0,1,13,0,27,0,0,0,2,,0,0,5,21,10
3162,"Ministério do Desenvolvimento, Indústria e Comércio Exterior - MDIC",189,0,26,94,1,77,4,27,11,1,,8,31,2,88,60
36670,"Ministério do Esporte - ME",61,0,6,31,0,34,0,3,1,0,,9,4,7,13,28
1927,"Ministério do Meio Ambiente - MMA",26,0,0,12,0,15,0,0,0,0,,1,1,8,5,11
2981,"Ministério do Planejamento, Orçamento e Gestão - MP",123,3,6,74,7,77,5,8,4,3,,15,3,15,64,26
2844,"Ministério do Trabalho e Emprego - MTE",94,0,2,74,0,58,1,0,0,3,,18,2,3,39,32
72084,"Ministério do Turismo - MT",84,0,0,36,0,46,0,1,1,0,,17,5,4,44,14
2846,"Ministério dos Transportes - MT",70,0,4,47,0,38,1,0,4,2,,1,8,11,38,12
224,"Petróleo Brasileiro S.A - Petrobras",84,0,0,71,0,26,0,13,3,2,,5,15,13,19,32
26,"Presidência da República - PR",36,0,1,32,0,6,0,0,0,2,,0,0,0,36,0
78,"Procuradoria-Geral da Fazenda Nacional - PGFN",7,0,3,5,0,6,1,0,0,0,,0,2,0,5,0
81128,"Secretaria Nacional de Juventude - SNJ",19,0,0,12,0,7,0,0,0,2,,0,0,0,18,1
104340,"Secretaria Nacional de Promoção dos Direitos da Pessoa com Deficiência - SPDPD",9,0,4,5,3,4,0,0,0,1,,1,0,0,6,2
77,"Secretaria da Receita Federal do Brasil - RFB",122,0,0,117,0,8,0,0,1,0,,2,13,4,102,1
8837,"Secretaria de Acompanhamento Econômico - SEAE",13,0,1,6,0,7,0,0,0,0,,0,4,0,9,0
40322,"Secretaria de Acompanhamento e Estudos Institucionais - SAEI",7,0,0,6,0,2,0,0,0,0,,0,0,0,7,0
94285,"Secretaria de Assuntos Estratégicos da Presidência da República - SAE/PR",9,0,0,4,0,7,0,0,0,2,,0,0,0,7,2
3433,"Secretaria de Assuntos Internacionais - SAIN",6,0,0,1,0,5,0,0,0,0,,0,4,0,2,0
115257,"Secretaria de Aviação Civil da Presidência da República - SAC",7,0,2,5,0,0,0,0,0,0,,0,0,0,7,0
,"Secretaria de Comunicação Social da Presidência da República",20,0,0,4,0,9,0,0,7,0,,0,4,3,11,2
1987,"Secretaria de Política Econômica - SPE",10,0,0,1,0,8,0,1,0,0,,1,8,0,1,0
73212,"Secretaria de Políticas de Promoção da Igualdade Racial da Presidência da República - SEPPIR",18,0,1,10,0,8,0,0,0,0,,0,1,3,9,5
68487,"Secretaria de Políticas para as Mulheres da Presidência da República - SPM",32,0,2,19,0,17,1,0,0,2,,3,2,2,19,6
92748,"Secretaria de Portos da Presidencia da República – SEP ",10,0,0,8,0,7,0,0,0,0,,1,0,3,4,2
76917,"Secretaria de Relações Institucionais da Presidência da República - SRIPR",10,0,1,9,0,0,0,0,0,0,,0,0,0,10,0
1696,"Secretaria do Tesouro Nacional - STN",44,0,1,16,0,27,0,6,0,2,,7,16,2,17,2
42673,"Secretaria-Geral da Presidência da República - SGPR",24,0,0,15,0,11,0,0,0,2,,1,0,6,17,0
1801,"Secretária de Direitos Humanos da Presidência da República - SDH",48,0,3,36,0,32,1,0,1,2,,0,1,5,27,15
90,"Serviço Federal de Processamento de Dados - SERPRO",7,0,0,4,0,3,0,0,0,0,,0,1,4,1,1
89539,"Serviço Florestal Brasileiro - SFB",7,0,0,1,0,6,0,0,0,0,,0,2,2,0,3
166,"Superintendência da Zona Franca de Manaus - SUFRAMA",23,0,0,12,0,11,0,0,1,0,,3,7,1,2,10
100113,"Superintendência de Desenvolvimento do Centro-Oeste - SUDECO",6,0,0,2,0,5,0,0,0,0,,0,3,0,3,0
235,"Superintendência de Seguros Privados – SUSEP",21,0,1,16,0,6,0,0,0,0,,1,2,1,17,0
91138,"Superintendência do Desenvolvimento da Amazônia - SUDAM",18,0,1,7,0,15,0,0,0,0,,0,4,1,10,3
91144,"Superintendência do Desenvolvimento do Nordeste - SUDENE",7,0,3,5,0,6,0,0,1,0,,0,1,1,5,0
75,"Telecomunicações Brasileiras S.A. - TELEBRAS",6,0,0,1,0,5,0,0,0,0,,0,2,1,2,1
427,"Universidade Federal Fluminense - UFF",30,0,5,15,0,11,0,3,1,0,,8,3,8,0,11
457,"Universidade Federal Rural da Amazônia - UFRA",30,0,4,26,0,26,0,0,2,0,,3,18,3,0,6
433,"Universidade Federal Rural de Pernambuco - UFRPE",10,0,2,10,0,4,0,1,0,0,,2,3,0,0,5
471,"Universidade Federal de Mato Grosso - UFMT",30,0,8,23,1,13,0,1,0,0,,0,0,4,10,16
827,"Universidade Federal de Mato Grosso do Sul - UFMS",29,0,9,4,0,25,0,0,0,1,,2,0,0,24,3
473,"Universidade Federal de Ouro Preto - UFOP",75,0,37,1,0,56,1,16,11,5,,7,7,22,23,16
477,"Universidade Federal de Pelotas - UFPel",52,0,22,15,0,39,0,3,1,0,,3,0,20,22,7
1605,"Universidade Federal de Roraima - UFRR",19,0,5,3,0,16,0,1,2,0,,0,2,8,7,2
469,"Universidade Federal de Sergipe - UFS",20,0,5,6,0,13,0,1,1,0,,1,1,6,6,6
475,"Universidade Federal de São Carlos - UFSCar",42,0,1,27,0,33,0,0,1,0,,6,8,19,2,7
1734,"Universidade Federal de São João del-Rei - UFSJ",12,0,3,4,0,10,0,0,1,1,,0,0,3,5,4
464,"Universidade Federal de São Paulo - UNIFESP",32,0,1,20,0,20,0,0,1,0,,12,5,10,0,5
472,"Universidade Federal de Uberlândia - UFU",39,0,0,22,0,39,0,0,0,0,,7,7,1,21,3
474,"Universidade Federal de Viçosa - UFV",20,0,6,13,0,15,0,0,3,0,,1,2,10,0,7
84703,"Universidade Federal do ABC - UFABC",26,0,5,12,0,19,0,2,0,0,,0,5,15,0,6
466,"Universidade Federal do Acre - UFAC",22,0,2,1,0,20,0,0,0,0,,6,1,10,3,2
1710,"Universidade Federal do Amapá - UNIFAP",25,0,1,10,0,16,0,0,0,1,,2,2,6,5,10
416,"Universidade Federal do Ceará - UFC",34,0,4,10,2,29,0,1,1,0,,1,2,14,4,13
425,"Universidade Federal do Espírito Santo - UFES",29,0,1,21,0,14,0,0,2,0,,1,5,2,11,10
260,"Universidade Federal do Estado do Rio de Janeiro - UNIRIO",24,0,0,6,0,24,0,1,0,0,,4,10,1,9,0
467,"Universidade Federal do Maranhão - UFMA",37,0,1,17,0,23,0,0,0,0,,3,6,8,1,19
104667,"Universidade Federal do Oeste do Pará - UFOPA",27,0,0,12,0,20,1,0,7,0,,4,0,15,8,0
428,"Universidade Federal do Paraná - UFPR",35,0,2,28,0,17,0,1,0,0,,9,2,9,3,12
415,"Universidade Federal do Pará - UFPA",30,0,3,14,0,20,0,0,0,1,,12,0,7,1,10
84710,"Universidade Federal do Recôncavo da Bahia - UFRB",32,0,4,23,0,26,0,1,1,0,,14,1,2,0,15
417,"Universidade Federal do Rio Grande do Norte - UFRN",32,0,12,9,0,24,2,0,0,0,,16,10,2,0,4
430,"Universidade Federal do Rio Grande do Sul - UFRGS",35,0,2,13,0,22,0,0,0,0,,0,21,3,7,4
426,"Universidade Federal do Rio de Janeiro - UFRJ",30,0,0,21,0,24,0,0,0,0,,13,8,1,0,8
459,"Universidade Federal do Triângulo Mineiro - UFTM",36,0,0,11,0,34,0,0,0,0,,13,12,5,0,6
460,"Universidade Federal dos Vales do Jequitinhonha e Mucuri - UFVJM",31,0,7,11,0,22,0,1,1,0,,11,0,9,0,11
78838,"teste",0,0,0,0,0,0,0,0,0,0,,0,0,0,0,0
Loaded suite /Users/alegomes/.rvm/gems/ruby-1.9.2-p290/bin/rake
Started

Finished in 0.000454 seconds.

0 tests, 0 assertions, 0 failures, 0 errors, 0 skips

Test run options: --seed 7563
